doi,q1_climate_neutrality,q1_comment,q2_comment,q2_region,q3_comment,q3_sector,q3_sector_comment,q4_comment,q4_method
10.1371/journal.pone.0299730,no,,,yes,,yes,,,yes
10.1399/NuL.2022.01.02,no,,,yes,,yes,,"Literature-based review with critical analysis, not quantitative modeling or scenario processes",no
10.13209/j.0479-8023.2025.060,no,,,yes,,yes,,,yes
10.5846/stxb202201120117,no,"The abstract models partial achievement of carbon neutrality (18-34% realization degree by 2060 under best scenarios), not an actual climate-neutral pathway or configuration.",,yes,,yes,,,yes
10.1016/j.heliyon.2023.e19660,no,,,yes,,yes,,,no
10.1038/s41598-025-94201-z,no,,,yes,,yes,,,no
10.1016/B978-0-443-22399-0.00005-0,no,,,no,,yes,,,no
10.1038/s41467-025-60652-1,yes,,,yes,,yes,,,yes
10.1525/cse.2022.1552208,no,,,yes,,yes,,,yes
10.3303/CET23106115,yes,,,yes,,yes,,,yes
10.1016/j.scitotenv.2023.168781,no,,,yes,,yes,,,yes
10.1016/B978-0-443-13985-7.00002-6,no,,,no,,yes,,,no
10.1007/s00502-024-01235-8,unclear,"Title mentions 'climate-neutral Austria', and abstract discusses CCS/CCU for climate goals with technology-based scenarios to 2050, but doesn't explicitly confirm that a climate-neutral pathway is actually modeled or assessed.",,yes,,yes,,,yes
10.5846/stxb202205041230,no,"The abstract is a review of estimation approaches and models for rooftop solar potential, not a specific pathway or system configuration that achieves climate neutrality.",No specific region is targeted; the review is general and applicable across different regions.,no,Energy sector is clearly targeted (electricity supply via solar photovoltaic).,yes,,This is a methodological review of existing approaches rather than a study that applies quantitative modeling to generate climate-neutral pathways.,no
10.1021/acs.iecr.3c02405,no,,,yes,,yes,,,yes
10.1016/j.resconrec.2022.106392,no,,,yes,,yes,,,no
10.1007/978-3-031-69457-8_4,no,,,yes,,yes,,,no
10.1016/j.resconrec.2024.107971,yes,,,yes,,yes,,,yes
10.1088/1742-6596/3036/1/012008,no,,"Urban context is mentioned but no specific city, country, or region is identified.",unclear,,yes,,,no
10.1016/j.jenvman.2023.118588,no,"The abstract models declining emissions but projects 312.65 Mt CO2e remaining by 2050, not zero. The paper explicitly states it is 'difficult' to achieve carbon neutrality using forest sinks alone, indicating the pathway does not achieve actual climate neutrality.",,yes,,yes,,,yes
10.1080/09593330.2022.2075795,yes,,,yes,,yes,,,yes
10.1016/j.scitotenv.2023.169386,yes,,,yes,,yes,,,yes
10.3390/pr13124047,no,,,yes,,yes,,,no
10.1134/S0040601524700605,no,,,yes,,yes,,,yes
10.1080/14693062.2026.2624246,yes,,,yes,,yes,,,yes
10.1038/s41893-025-01556-2,yes,,,yes,,yes,,,yes
10.1016/j.jenvman.2025.125619,yes,,,yes,,yes,,,yes
10.1016/j.esr.2022.100836,no,The abstract critiques the roadmaps as unrealistic and unable to achieve carbon neutrality due to unsustainable biomass demands; it does not present a viable climate-neutral pathway.,,yes,,yes,,,yes
10.1016/j.apenergy.2023.120673,yes,,,yes,,yes,,,yes
10.1088/1755-1315/703/1/012037,no,"Abstract mentions Helsinki's goal to become carbon neutral by 2035 and discusses geothermal/ground heat as potential solutions, but does not present a complete pathway or system configuration that is actually assessed/modeled to be climate-neutral.",,yes,,yes,,,yes
10.1007/s12665-021-09762-9,yes,,,yes,,yes,,,yes
10.1016/j.rser.2024.114945,yes,,,yes,,yes,,,yes
10.1016/j.envres.2023.116881,no,,,yes,,yes,,,yes
10.1016/j.energy.2024.133507,no,,,no,,yes,,,yes
10.3390/ijerph182413284,no,,,yes,,yes,,"Study uses quantitative methods (DEA, random forest regression) but applies them to analyze historical relationships, not to model or generate climate-neutral pathways.",no
10.1038/s43016-025-01163-6,no,,,yes,,yes,,,yes
10.1038/s41467-021-27520-0,no,,,no,,yes,,,yes
10.1016/j.jenvman.2026.128628,no,,,yes,,yes,,,no
10.1016/j.jastp.2025.106419,no,,,yes,,yes,,,no
10.1016/j.heliyon.2024.e24944,no,,,yes,,yes,,"Study applies quantitative methods (SBM-DEA, Tobit regression) to measure and analyze agricultural eco-efficiency, but does not generate scenarios or model pathways toward climate neutrality.",no
10.3390/su16114454,no,,,yes,,yes,,,yes
10.1021/acs.est.5c09918,yes,,,yes,,yes,,,yes
10.1016/j.energy.2022.123797,yes,,,yes,,yes,,,yes
10.1016/j.enconman.2025.120759,yes,,,yes,,yes,,,yes
10.1016/j.envres.2026.123715,no,,,yes,,yes,,,yes
10.1016/j.wen.2024.05.001,yes,,,yes,,yes,,,yes
10.1016/j.apenergy.2022.119842,no,,,yes,,yes,,,yes
10.46855/energy-proceedings-9383,yes,,,yes,,yes,,,yes
10.1016/j.jclepro.2025.147363,yes,,,yes,,yes,,,yes
10.1016/j.rser.2024.114865,no,,,yes,,yes,,,no
10.1111/cwe.12554,no,,,yes,,yes,,,yes
10.1016/S0140-6736(23)02466-2,no,,,no,,no,,"The abstract mentions modelling studies are included, but the focus is on health co-benefits of mitigation, not on generating climate-neutral pathways or systems through quantitative modelling.",unclear
10.3390/en16227608,yes,,,yes,,yes,,,yes
10.1016/j.ecoinf.2024.102692,unclear,"The study forecasts a pathway toward carbon neutrality by 2060 but concludes there is still a surplus of ~10.48 million tons, so full climate neutrality is not actually achieved in any modeled scenario.",,yes,,yes,,,yes
10.1016/j.apenergy.2021.117996,yes,,,yes,,yes,,,yes
10.1016/B978-0-12-822112-9.00009-6,no,,,yes,,yes,,"Abstract discusses existing use of LCA models by companies to track emissions, but does not present quantitative modeling or scenario processes to generate climate-neutral pathways.",no
10.3390/ijerph192316149,no,"The abstract analyzes factors affecting green/low-carbon land-use efficiency in Chinese cities, but does not describe or propose an actual climate-neutral pathway or system configuration.",,yes,,yes,,,yes
10.1016/j.procir.2025.01.094,yes,,,yes,,yes,,,yes
10.1016/j.jenvman.2025.124516,no,,,yes,,yes,,,yes
10.1016/j.renene.2024.120117,no,"The abstract assesses GM-PV's contribution to climate neutrality, but does not present a complete pathway or system configuration achieving climate neutrality itself. It is a component analysis for siting optimization, not a full decarbonization pathway.",,yes,,yes,,,yes
10.3390/f17010060,no,,,yes,,yes,,"Study uses threshold regression modeling to analyze emissions relationships, not to model pathways toward climate neutrality.",no
10.1016/j.apenergy.2015.01.006,yes,,,no,,yes,,,yes
10.3390/land13081147,unclear,"The paper simulates a low-carbon development scenario and states it 'aids in achieving carbon neutrality', but does not explicitly confirm that a carbon-neutral state is actually reached or modelled.",,yes,,yes,,,yes
10.1016/j.agsy.2024.104168,no,,,yes,,yes,,,yes
10.1016/j.energy.2026.140115,no,,,yes,,yes,,,yes
10.1080/10962247.2025.2587009,no,,,yes,,yes,,,no
10.1016/j.resconrec.2022.106276,unclear,"Abstract discusses decarbonization pathways but doesn't explicitly state they achieve climate neutrality, net zero, or carbon neutral status.",,yes,,yes,,,yes
10.1016/j.egycc.2023.100117,yes,,,yes,,yes,,,yes
10.4271/2021-01-0039,yes,,,no,,yes,,"This is a training product describing methodologies to achieve carbon neutrality (SAFs, operational efficiency, forest credits), not a quantitative modeling or scenario study with assessed results.",no
10.3390/en17194842,yes,,,yes,,yes,,,yes
10.1016/j.apenergy.2023.121540,no,,,yes,,yes,,,yes
10.1016/j.scitotenv.2024.177284,no,,,yes,,yes,,,yes
10.3390/su17020640,no,,,yes,,yes,,,yes
10.1109/AHPCAI57455.2022.10087813,yes,,,yes,,yes,,,yes
10.1016/j.apenergy.2024.124443,no,The abstract explicitly states the system 'remains a carbon source after optimization' with total emissions of 155.4–165.3 × 108 kg CO2-eq. It achieves emission reduction but not climate neutrality.,,yes,,yes,,,yes
10.1016/j.grets.2026.100350,yes,,,yes,,yes,,Abstract mentions 'recent evidence indicates' and discusses carbon offsets but does not explicitly state whether quantitative modeling or scenario analysis was employed to assess the climate-neutral pathways.,unclear
10.1371/journal.pone.0303582,no,,,yes,,yes,,,yes
10.1016/B978-0-443-13985-7.00007-5,no,,,no,,yes,,,no
10.1016/j.jclepro.2022.130441,unclear,"Abstract discusses achieving climate neutrality and assesses AD's GHG mitigation efficacy through LCA scenarios, but does not present a specific pathway or configuration that IS climate-neutral—rather, it compares alternatives' effectiveness.",,yes,,yes,,,yes
10.3390/su12072740,yes,,,yes,,yes,,,yes
10.1007/s10668-024-05598-y,no,,,no,,yes,,,no
10.1016/j.apenergy.2021.117510,yes,,,yes,,yes,,,yes
10.1007/s13399-025-06932-8,no,,,yes,,yes,,,yes
10.1016/j.egycc.2024.100150,yes,,,yes,,yes,,,yes
10.1080/17583004.2018.1536168,yes,,,yes,,yes,,,yes
10.1039/d5ee01853f,unclear,"The title mentions 'carbon neutrality' as a pathway goal, but the abstract only quantifies CO2 reductions (16.9 Gt) without explicitly stating the pathway achieves carbon/climate neutrality.",,yes,,yes,,,yes
10.1073/pnas.2306517121,yes,,,yes,,yes,,,yes
10.17660/ActaHortic.2023.1369.15,no,,,yes,,yes,,,yes
10.1016/j.scitotenv.2022.153407,no,"Abstract analyzes carbon footprint and proposes reduction strategies, but does not present an actual assessed/modeled pathway or system configuration that achieves climate neutrality.",,yes,,yes,,,yes
10.1016/j.jclepro.2022.133629,yes,,,yes,,yes,,,yes
10.61435/ijred.2026.62064,no,"The LCS achieves a 62.9% GHG reduction by 2050, not climate-neutrality. While the abstract mentions national targets for carbon neutrality by 2050, the modeled pathway itself does not achieve climate-neutral status.",,yes,,yes,,,yes
10.1016/j.joule.2019.03.006,no,"The abstract discusses the need for policy instruments and mentions deep decarbonization, but does not provide or assess an actual climate-neutral pathway or system configuration.","No specific spatial area (country, city, region, etc.) is targeted in the abstract analysis.",no,The abstract discusses policy instruments in general without targeting specific sectors.,no,,This is a commentary piece that calls for future research but does not present any quantitative modeling or scenario analysis.,no
10.1016/j.scitotenv.2023.167589,no,,,no,,yes,,,yes
10.1016/j.ecolmodel.2025.111266,no,,,yes,,yes,,,yes
10.1371/journal.pone.0301836,no,,,yes,,yes,,,no
10.31181/dmame8220251568,yes,,,yes,,yes,,,yes
10.1115/ES2024-132130,yes,,,yes,,yes,,,yes
10.5846/stxb202108082170,no,,,yes,,yes,,,yes
10.1109/TGRS.2025.3647625,no,,,yes,,yes,,,no
10.1016/j.buildenv.2025.113004,yes,,,yes,,yes,,,yes
10.1111/gcb.16984,yes,,,yes,,yes,,,yes
10.1007/978-3-031-82407-4_11,unclear,"The paper assesses LCA impacts of scenarios from the Portuguese Carbon Neutrality 2050 Roadmap, but the abstract does not confirm that the modelled scenarios actually achieve carbon/climate neutrality — only that climate change indicators decrease.",,yes,,yes,,,yes
10.1016/j.jclepro.2025.146754,no,"The paper proposes low-carbon optimization and achieves 7.41% emissions intensity reduction, but does not demonstrate that the resulting system configuration is climate-neutral or net-zero. It addresses China's carbon neutrality goals but shows improvements, not achievement of neutrality.",,yes,,yes,,,yes
10.3390/f15122225,no,,,yes,,yes,,,yes
10.14719/pst.9043,no,,,yes,,yes,,,no
10.1109/ENERGYCON53164.2022.9830169,yes,,,yes,,yes,,,yes
10.11870/cjlyzyyhj202410015,yes,,,yes,,yes,,,yes
10.11975/j.issn.1002-6819.202304170,no,Abstract models carbon reduction scenarios but resulting net carbon emissions remain positive (67.42% and 38.16% of 2020 baseline in 2030-2060). Pathway studied but climate neutrality not achieved.,,yes,,yes,,,yes
10.1016/j.energy.2026.140067,yes,,,yes,,yes,,,yes
10.2478/rtuect-2023-0073,yes,,,yes,,yes,,,yes
10.3389/fclim.2024.1353939,yes,,,yes,,yes,,,yes
10.1016/B978-0-443-36426-6.00019-8,no,,,no,,yes,,,yes
10.1016/j.resourpol.2023.104397,unclear,"The study references China's carbon neutrality goal and suggests a transition path, but does not model or assess an actually achieved climate-neutral pathway.",,yes,,yes,,,yes
10.1016/j.tust.2023.105533,no,"The pathway achieves only 7% carbon offset from building industry emissions, not climate neutrality. While carbon neutrality is mentioned as an aspirational goal, the actual modeled results do not achieve it.",,yes,,yes,,,yes
10.1007/s44246-024-00168-3,no,,,no,,no,,"Study uses quantitative machine learning modeling, but not to generate climate-neutral pathways or systems. It predicts biochar adsorption capacity for dye removal.",no
10.13226/j.issn.1006-6772.CC22021701,no,This is a review of policies and technologies; it discusses pathways toward carbon neutrality but does not present an assessed or modeled climate-neutral pathway/system configuration.,,yes,,yes,,"This is a qualitative systematic review of policies and technologies, not a quantitative modeling or scenario analysis study.",no
10.1016/j.apenergy.2023.122212,no,,,yes,,yes,,,no
10.1016/j.jclepro.2020.120420,no,Abstract quantifies carbon storage and sequestration but does not present a climate-neutral pathway or system configuration. Carbon sequestered covers only 0.61% of traffic emissions.,,yes,,yes,,,yes
10.3390/f15081292,no,,,yes,,yes,,,yes
10.1117/12.3044690,no,,,yes,,yes,,"Quantitative modeling present (ARIMA, XGBoost), but used for emission forecasting, not for generating climate-neutral pathways.",no
10.1016/j.resconrec.2025.108671,no,"While the abstract discusses net-zero as a goal and models hydrogen-based fuels, the results show that even with fully renewable hydrogen, 18-31% of GHG emissions remain—falling short of climate neutrality.","The abstract discusses international shipping broadly but names no specific spatial region (country, city, state, etc.).",no,,yes,,,yes
10.1139/cjfr-2014-0120,no,,"Title mentions 'Norway spruce stands' (a tree species), but no explicit geographic location is stated in the abstract.",unclear,,yes,,,yes
10.1016/j.jclepro.2021.128408,yes,,,yes,,yes,,,yes
10.3389/fenvs.2024.1379046,no,,,yes,,yes,,,yes
10.1007/978-3-031-92221-3,no,,,no,,yes,,,no
10.1007/s10311-022-01435-8,no,,,no,,yes,,,no
10.1016/j.tej.2021.107004,yes,,,yes,,yes,,,yes
10.1016/j.ecolind.2024.112580,no,,,yes,,no,,,no
10.13226/j.issn.1006-6772.GG24031701,no,"The abstract mentions carbon neutrality as context/vision but is a review of existing technologies, not a study that assesses/models a specific climate-neutral pathway or configuration.",,yes,,yes,,"This is a review article discussing existing technologies and their application status, not original quantitative modeling or scenario analysis.",no
10.13254/j.jare.2024.0498,no,,,yes,,yes,,,no
10.1016/j.jclepro.2024.141707,no,"Carbon neutrality is mentioned only as a time reference ('time base'), not as an assessed or modeled pathway. The study assesses biomass energy potential (2-7% fossil fuel substitution), which does not constitute a climate-neutral system configuration.",,yes,,yes,,"Quantitative modeling (FLUS model) and scenarios are present, but designed to assess biomass energy potential under general development scenarios, not specifically to generate climate-neutral pathways.",no
10.1016/j.esr.2020.100510,yes,,,yes,,yes,,,yes
10.1007/s10584-023-03506-3,no,,,yes,,yes,,Paper applies a governance framework and case study approach but does not mention quantitative modeling or scenario analysis.,no
10.3390/land14122442,yes,,,yes,,yes,,,yes
10.3390/en15238886,unclear,"Abstract discusses modeled carbon emission pathways and scenarios, but does not explicitly state that the pathways achieve climate neutrality or carbon neutrality targets.",,yes,,yes,,,yes
10.1016/j.indic.2023.100323,no,,,yes,,yes,,"The abstract includes quantitative modeling (ARDL model) but uses it for retrospective emissions analysis (1970-2020), not to generate climate-neutral pathways or scenarios.",no
10.1016/j.jenvman.2021.113242,no,"While the abstract suggests switching to bioenergy as a pathway to carbon neutrality, it does not actually assess or model a complete climate-neutral pathway or system configuration. The modeling analyzes relationships between variables, not the viability of achieving climate neutrality.",,yes,,yes,,,yes
10.3390/en14154445,yes,,,yes,,yes,,,yes
10.13733/j.jcam.issn.2095-5553.2025.08.038,no,,,yes,,yes,,,yes
10.1016/j.landusepol.2025.107563,no,This is an editorial/synthesis paper describing other papers' work. It mentions carbon neutrality scenarios and pathways from featured papers but does not itself present a specific climate-neutral pathway or system configuration.,,yes,,yes,,,yes
10.63044/s25aco65,no,"The abstract proposes a framework for characterizing residential energy consumption and enabling demand response aligned with renewables, but does not present an actual climate-neutral pathway or system configuration.",,yes,,yes,,,yes
10.1016/j.foreco.2016.07.015,yes,,,yes,,yes,,,yes
10.1016/j.eiar.2024.107689,no,,,yes,,yes,,,yes
10.1007/978-981-97-5098-6_108,no,The paper assesses risks in supply chains under climate neutrality goals but does not present or model an actual climate-neutral pathway or system configuration.,,yes,,yes,,,yes
10.1080/27658511.2022.2062824,no,"The abstract discusses carbon neutrality goals and proposes measures (clean energy, hydrogen, carbon storage, etc.), but does not present or assess a specific climate-neutral pathway or system configuration through modeling.",,yes,,yes,,"The abstract describes conceptual goals, measures, and policy recommendations without explicit reference to quantitative modeling or scenario analysis.",no
10.1111/gcbb.12014,no,,,yes,,yes,,,yes
10.1007/s13280-023-01860-1,yes,,,yes,,yes,,,yes
10.1515/geo-2025-0872,no,"Abstract discusses carbon neutrality as a goal and evaluates efficiency improvements, but does not demonstrate or model an actual climate-neutral pathway or system configuration.",,yes,,yes,,"While SBM-DEA and spatial analysis are quantitative methods, they are used to evaluate agricultural efficiency and identify drivers, not to generate climate-neutral pathways or scenarios.",no
10.11975/j.issn.1002-6819.2022.01.026,no,Abstract reviews low-carbon strategies and makes qualitative recommendations but does not provide an assessed/modeled pathway that IS climate-neutral.,,yes,,yes,,This is a systematic review that discusses the global livestock environmental assessment model but does not present quantitative modeling or scenario analysis to generate climate-neutral pathways. Recommendations are qualitative.,no
10.1016/j.jenvman.2025.126617,no,,,yes,,yes,,,yes
10.1016/j.egyr.2025.11.021,yes,,,yes,,yes,,,yes
10.3390/su162310526,no,,,yes,,no,,,no
10.1016/j.envsoft.2025.106473,no,,,yes,,yes,,,yes
10.1016/j.esr.2023.101261,no,The abstract estimates the scope of tasks needed to achieve carbon neutrality but does not present an actual climate-neutral pathway or system configuration. It focuses on what must be done rather than a concrete climate-neutral solution.,,yes,,yes,,,yes
10.1399/NuL.2022.01.02.e,no,,,yes,,yes,,"Literature-based review that analyzes CO2 sink performance and wood reserves in Germany, but doesn't explicitly describe quantitative modeling or scenario processes.",unclear
10.3992/1943-4618.13.1.139,no,,,yes,,yes,,,no
10.3390/su142113979,no,,,yes,,yes,,,no
10.1109/CEEPE64987.2025.11034183,no,,,no,,yes,,,yes
10.1038/s41467-024-45314-y,yes,,,yes,,yes,,,yes
10.1016/j.jenvman.2024.120036,yes,,,yes,,yes,,,yes
10.1088/1748-9326/ad83e3,no,,,yes,,yes,,,yes
10.1016/j.petsci.2023.01.013,yes,,,yes,,yes,,,yes
10.1007/s44246-025-00218-4,no,,,yes,,yes,,,yes
10.1016/j.energy.2023.127543,no,,,yes,,yes,,,yes
10.1109/ACCESS.2026.3659532,no,,,yes,,yes,,,yes
10.1088/2515-7620/adfc30,no,The abstract assesses renewable energy potential for electricity generation but does not provide a complete climate-neutral pathway addressing all emission sources. Mentioning net-zero as a goal without modeling a full system configuration is insufficient.,,yes,,yes,,,yes
10.1007/s10098-025-03127-7,no,,,yes,,yes,,,yes
10.1016/j.landusepol.2024.107159,yes,,,yes,,yes,,,yes
10.1016/j.jenvman.2021.113058,yes,,,yes,,yes,,,yes
10.1088/1755-1315/401/1/012013,no,,,no,,yes,,,yes
10.52152/3973,no,,,yes,,yes,,,yes
10.1007/s44246-024-00140-1,no,,,yes,,yes,,,yes
10.1016/j.esd.2024.101511,no,,,yes,,yes,,,no
10.1016/j.egycc.2024.100160,yes,,,yes,,yes,,,yes
10.1177/09749101251391923,no,,,yes,,yes,,"Abstract mentions survey data and proposes a collaborative model, but does not explicitly describe quantitative modeling or scenario analysis methods for generating climate-neutral pathways.",unclear
10.3390/ijerph192315478,no,The abstract evaluates agricultural eco-efficiency in relation to China's carbon neutrality targets but does not propose or assess an actual climate-neutral pathway or system configuration.,,yes,,yes,,,yes
10.1016/j.eneco.2022.106397,no,"The abstract examines relationships with carbon neutrality goals but does not provide or assess an actual climate-neutral pathway or system configuration. It is a correlational study, not a pathway assessment.",,yes,,yes,,,yes
10.18288/1994-5124-2022-5-54-77,no,,,yes,,yes,,,no
10.1016/j.landusepol.2014.09.009,yes,,,yes,,yes,,,yes
10.1016/j.ijhydene.2025.151791,yes,,,yes,,yes,,,yes
10.13227/j.hjkx.202311098,no,,,yes,,yes,,,yes
10.1115/GT2025-151612,no,,,no,,yes,,,no
10.1016/j.jclepro.2022.135534,yes,,,yes,,yes,,,yes
10.1109/APACE62360.2024.10877397,yes,,,yes,,yes,,,yes
10.1109/ICT-PEP67281.2025.11232373,no,,,yes,,yes,,,yes
10.1080/17538947.2026.2639803,no,,,yes,"The abstract describes a general emissions monitoring system across China. While it mentions industrial/urban areas and energy-related patterns (heating/cooling), the study targets broad emissions measurement rather than specific sector focus.",unclear,,,no
10.1007/s10668-025-06289-y,no,,,yes,,yes,,,no
10.1111/gcbb.12193,no,"Study demonstrates partial carbon offsets (78% nationally over 50 years), not a climate-neutral pathway. Emissions reductions from wood energy displaced by coal/gas are analyzed, but net emissions remain positive.",,yes,,yes,,,yes
10.3390/su17031005,no,,,yes,,yes,,"Uses quantitative modeling to estimate current carbon emissions and compensation, but not to generate climate-neutral pathways or scenarios.",no
10.1016/j.jclepro.2023.137840,yes,,,yes,,yes,,,yes
10.1016/j.egycc.2025.100219,no,,,yes,,yes,,"Quantitative methods (logistic regression, emissions quantification) are used to analyze current practices and adoption determinants, not to generate climate-neutral pathways or scenarios.",no
10.1016/j.eneco.2025.108962,no,,,yes,,yes,,,yes
10.2478/rtuect-2025-0043,no,,,yes,,yes,,,yes
10.1038/s41467-024-49502-8,yes,,,no,,yes,,,yes
10.1016/j.energy.2024.133010,yes,,,yes,,yes,,,yes
10.1080/14693062.2024.2438300,yes,,,yes,,yes,,,yes
10.1016/j.envres.2023.116286,no,,,yes,,yes,,,yes
10.1016/j.eneco.2023.107244,yes,,,yes,,yes,,,yes
10.3390/cli12020015,no,The abstract discusses potential technologies and pathways toward net zero but does not present an actual assessed or modeled climate-neutral system configuration.,,yes,,yes,,"The abstract discusses and examines various technological applications (AI, Big Data, predictive analytics) but does not describe quantitative modeling or scenario processes developed within the paper itself.",no
10.3390/en19041067,no,,,yes,,yes,,,no
10.1007/978-3-032-18708-6_64,yes,,,yes,,yes,,,yes
10.1109/ECODIM.1999.747652,no,,,yes,,yes,,,no
10.1109/EEM64765.2025.11050135,yes,,,yes,,yes,,,yes
10.1111/gcbb.12950,no,,,yes,,yes,,,yes
10.1016/j.biteb.2025.102248,no,"The abstract measures carbon emissions and suggests reduction solutions, but does not describe an actual climate-neutral pathway or system configuration.",,yes,,yes,,,yes
10.54337/ijsepm.8280,yes,,,yes,,yes,,,yes
10.13227/j.hjkx.202112065,no,,,yes,,yes,,Paper presents comparative analysis with quantitative metrics but does not describe quantitative modeling or scenario processes to generate climate-neutral pathways.,no
10.1016/j.ecofro.2026.01.010,no,"The abstract proposes an assessment framework for evaluating existing rural carbon neutrality development, rather than providing a pathway or system configuration that IS climate-neutral.",,yes,,yes,,"The quantitative method (index system) is used to assess current rural carbon neutrality development status, not to model or generate climate-neutral pathways through scenario analysis.",no
10.1002/ese3.1422,yes,,,yes,,yes,,,yes
10.1007/s43762-024-00139-9,no,,"A single unnamed city is studied; no specific city, country, or region is identified in the abstract.",unclear,,yes,,,no
10.3390/en16083473,yes,,,yes,,yes,,,yes
10.3390/ijerph19116499,no,,,yes,,yes,,,no
10.1016/j.apenergy.2025.125865,no,,,yes,,yes,,,no
10.1007/s10311-022-01544-4,no,,,yes,,yes,,"Abstract is a review discussing quantitative methods (LCA, carbon models) but doesn't explicitly present new modeling to generate pathways.",unclear
10.12357/cjea.20210607,no,"While climate neutrality is mentioned as a contextual goal, the study measures and analyzes existing agricultural carbon emission efficiency using network analysis. It does not propose or model an actual climate-neutral pathway or system configuration.",,yes,,yes,,,yes
10.1016/j.iref.2025.103964,no,,,yes,,yes,,,yes
10.13227/j.hjkx.202502070,yes,,,yes,,yes,,,yes
10.1007/978-3-031-69457-8_66,no,,,yes,,yes,,,no
10.1016/j.esr.2020.100578,yes,,,yes,,yes,,,yes
10.3389/fevo.2022.941520,no,,,yes,,yes,,,yes
10.1016/j.resourpol.2023.104183,no,"The abstract evaluates how carbon trading policies affect carbon efficiency, but does not describe or assess an actual climate-neutral pathway or system configuration.",,yes,,yes,,,yes
10.1073/pnas.2204098120,yes,,,yes,,yes,,,yes
10.21552/cclr/2021/1/10,no,,,yes,,yes,,The abstract mentions 'analysis' of state mechanisms but does not explicitly describe quantitative modeling or scenario processes to generate climate neutral pathways.,unclear
10.1007/978-3-031-74716-8_3,no,,,yes,,yes,,,yes
10.1039/d4se01183j,no,,,yes,,yes,,,yes
10.1080/20426445.2020.1730047,no,,,yes,,yes,,,no
10.18494/SAM5378,no,"The abstract analyzes current carbon emissions and sinks in Beijing, but does not present a pathway or configuration that IS climate-neutral. It shows vegetation carbon absorption is lower than energy emissions, not a climate-neutral system.",,yes,,yes,,"C-FIX model is applied, but it is used for descriptive analysis of historical emissions (2010-2020), not to generate or model climate-neutral pathways or scenarios.",no
10.1016/j.scib.2023.11.016,no,"Study reports carbon budgets and that two regions have achieved carbon neutrality, but does not provide a pathway or system configuration for achieving climate neutrality.",,yes,,yes,,,yes
10.1007/s44246-025-00243-3,no,,,yes,,yes,,,yes
10.1016/j.gloenvcha.2022.102530,no,,,no,,yes,,,no
10.1016/j.biombioe.2021.106164,yes,,,yes,,yes,,,yes
10.1021/acs.est.5c08703,yes,,"The model assesses transitions 'globally and regionally' with regional differentiation, but no specific country, region, or area is named.",unclear,,yes,,,yes
10.1017/9781316389553.013,yes,,,yes,,yes,,,yes
10.31497/zrzyxb.20230308,no,,,yes,,yes,,,no
10.1111/gcbb.12198,no,The abstract assesses timeframes to reach carbon parity/repayment (91-112 years for stemwood) but does not claim an implemented climate-neutral pathway or system.,,yes,,yes,,,yes
10.1007/s10661-025-14559-5,no,"The abstract measures carbon sequestration potential and contributions to carbon mitigation, but does not present an actual climate-neutral pathway or system configuration.",,yes,,yes,,,yes
10.1007/s12155-013-9372-x,yes,,,yes,,yes,,,yes
10.2478/rtuect-2021-0021,no,"Abstract mentions net-zero targets but uses only qualitative SWOT analysis, not quantitative modeling of a climate-neutral pathway.",,yes,,yes,,"Methodology is sustainability SWOT analysis, which is qualitative; no quantitative modeling or scenario process described.",no
10.3389/fbuil.2025.1681714,yes,,,no,,yes,,,yes
10.1021/acs.est.3c00644,yes,,,no,,yes,,,yes
10.1021/acs.est.2c04784,yes,,,yes,,yes,,,yes
10.1002/bbb.70106,no,,,no,,yes,,,no
10.1016/j.energy.2024.134075,yes,,,yes,,yes,,,yes
10.1016/j.joule.2019.12.018,unclear,"Abstract describes 'net zero energy' greenhouses via solar, but doesn't explicitly assess carbon/climate neutrality or emissions reductions.",,yes,,yes,,,yes
10.1108/PRR-12-2021-0066,no,,,yes,,yes,,,no
10.1007/s10661-024-13311-9,no,,,yes,,yes,,,no
10.3390/f13030407,unclear,"The abstract models the carbon sequestration capacity and spatial service range of the Qinling Mountains (175-262.63 km), but doesn't explicitly demonstrate that any pathway or system configuration achieves climate neutrality. It quantifies carbon sink potential rather than confirming a climate-neutral outcome.",,yes,,yes,,,yes
10.1002/ldr.5409,no,,,yes,,yes,,"Quantitative modeling (GWR/MGWR) is used to analyze land reallocation drivers, not to generate climate-neutral pathways or systems.",no
10.1007/978-981-96-1812-5_7,no,,,yes,,yes,,,no
10.3390/su17083635,yes,,,yes,,yes,,,yes
10.1016/j.apenergy.2023.121115,no,,,yes,,yes,,,yes
10.1016/j.spc.2025.03.012,no,,,yes,,yes,,,yes
10.69650/rast.2024.258766,no,,,yes,,yes,,,yes
10.1088/1748-9326/adcb56,no,,,yes,,yes,,,yes
10.1016/j.energy.2022.125834,no,"The abstract describes a pathway that 'gradually approach[es] zero carbon emissions' with 91% reduction, but explicitly acknowledges that achieving full carbon neutrality faces barriers (e.g., agricultural vehicle diesel consumption), meaning the pathway does not deliver actual climate-neutrality.",,yes,,yes,,,yes
10.1039/d5se00186b,unclear,"The CIGG system is described as 'climate-beneficial' with in situ CCS, but the abstract does not explicitly establish that it IS climate-neutral/net-zero. It proposes a 'route to net zero' and mentions energy/mass balance analysis, but does not definitively demonstrate zero net emissions.",,no,,yes,,,yes
10.1117/12.3005148,no,,,yes,,yes,,,yes
10.13227/j.hjkx.202501263,no,,,yes,,yes,,,yes
10.1016/j.esr.2024.101366,no,,,yes,,yes,,,yes
10.1186/s13021-025-00314-3,no,The paper forecasts scenarios but does not achieve climate neutrality; conclusions state emissions will exceed sink capacity by 2060 with a remaining gap of 21.22-63.28 million tons.,,yes,,yes,,,yes
10.1088/1748-9326/adaed5,no,,,yes,,yes,,,yes
10.3390/en17236129,no,,,no,,yes,,,no
10.3390/en15051724,no,"While carbon neutrality is mentioned as background motivation, the abstract does not provide or assess an actual climate-neutral pathway or system configuration. It analyzes factors influencing straw energy use, not a climate-neutral system.",,yes,,yes,,"Quantitative modeling (ridge regression with panel data) is present, but it analyzes relationships between variables and straw energy utilization, not to generate climate-neutral pathways or scenarios.",no
10.1016/j.jenvman.2023.119098,yes,,,yes,"Abstract discusses 'all sectors' and mentions residential/trade/transportation within the municipality, but does not explicitly name the required sectors (energy, industry, agriculture, forestry, land use, AFOLU).",unclear,,,yes
10.1016/j.ecolind.2021.108199,no,,,yes,,yes,,,yes
10.1016/j.egyr.2025.01.018,no,,,yes,,yes,,,yes
10.1016/j.solener.2020.06.089,no,"The abstract compares two systems and shows the solar system performs better across impact categories, but does not claim either system achieves climate neutrality or net zero emissions.",,yes,,yes,,,yes
10.3390/en18215655,unclear,"Scenarios show emission reductions and aim to 'support' Türkiye's 2053 net-zero target, but it is not stated that any modeled scenario actually achieves net-zero emissions.",,yes,,yes,,,yes
10.1109/CIEES62939.2024.10811224,no,,,yes,,yes,,,yes
10.3390/engproc2025108041,no,,,yes,,yes,,,no
10.5846/stxb202112053440,unclear,"Abstract discusses modeling carbon sequestration and emissions separately, but does not explicitly demonstrate that the pathway or system configuration IS actually climate-neutral or achieves net zero balance.",,yes,,yes,,,yes
10.1360/TB-2022-0612,no,,,yes,,yes,,,no
10.1057/s41599-025-05145-8,no,"The study examines current emissions and carbon intensity trends but does not present an assessed/modeled climate-neutral pathway or system configuration. Results show 'fluctuating growth in net emissions,' not a demonstrated neutral pathway.",,yes,,yes,,,yes
10.1016/j.rser.2023.113145,yes,,,yes,,yes,,,yes
10.1016/j.eneco.2023.106916,no,,,yes,,yes,,,no
10.1007/s11081-022-09722-7,unclear,"The model optimizes 'toward carbon neutrality' but no actual carbon-neutral pathway or configuration is assessed/modeled — it remains a directional goal, not a demonstrated outcome.",,yes,,yes,,,yes
10.12006/j.issn.1673-1719.2024.310,no,,,yes,,yes,,,no
10.16085/j.issn.1000-6613.2022-0395,no,,,yes,,yes,,,no
10.1007/978-3-032-09844-3_6,yes,,,yes,,yes,,,yes
10.1016/j.ecolind.2025.113814,no,"Abstract discusses low-carbon scenarios and carbon peaking by 2030, but does not model or provide a pathway to climate neutrality or net zero. Explicitly states land-based carbon sequestration remains substantially lower than emissions.",,yes,,yes,,,yes
10.25283/2223-4594-2025-3-95-102,no,Abstract examines whether carbon neutrality is possible but concludes that forest projects alone cannot achieve it. A comprehensive approach is mentioned as needed but not actually described or assessed.,,yes,,yes,,,yes
10.1007/s11769-025-1590-6,no,,,yes,,yes,,,no
10.1109/SUSTAINED63638.2024.11074108,no,,,no,"Paper focuses on transportation/traffic sector; specified sectors are energy, industry, agriculture, forestry, land use, or AFOLU.",no,,,yes
10.18796/0041-5790-2021-10-19-23,no,,,yes,,yes,,"Paper mentions 'stress scenario' development for coal reduction strategy and cost estimates (40-80 EUR/tCO2 eq), but it's ambiguous whether quantitative modeling was actually conducted versus merely proposed.",unclear
10.1016/j.oneear.2025.101520,no,,,yes,,yes,,,yes
10.1016/j.eiar.2025.108203,yes,,,yes,,yes,,,yes
10.3390/en18071624,no,"The paper discusses revenue forecasting for multi-energy stations and mentions carbon neutrality as a goal, but does not present or assess an actual climate-neutral pathway or system configuration.",,yes,,yes,,"The study includes quantitative machine learning modeling, but it is for revenue forecasting, not for generating climate neutral pathways or systems.",no
10.4028/p-lKc7On,no,,,yes,,yes,,,yes
10.1139/cjfr-2020-0471,no,,,yes,,yes,,,no
10.3969/j.issn.1000-6532.2022.02.002,no,,,yes,,yes,,,no
10.3390/en14237842,yes,,,yes,,yes,,,yes
10.1016/j.esr.2026.102096,no,,,yes,,yes,,,yes
10.1016/j.energy.2025.138288,no,"Paper assesses water demands for PV expansion and carbon mitigation potential, but does not present a climate-neutral pathway or system configuration.",,yes,,yes,,,yes
10.1016/j.eneco.2024.107672,unclear,"The model enforces carbon neutrality as a constraint, but results show large biopower increases could compromise carbon neutrality — it is not confirmed that a climate-neutral pathway is actually achieved.",,yes,,yes,,,yes
10.1016/j.ecolind.2021.108499,no,,,yes,,yes,,,yes
10.19705/j.cnki.issn2096-5125.2022.01.010,unclear,"Title mentions 'Carbon Neutrality Pathway' and abstract outlines path to carbon neutrality goals with specific measures across sectors, but does not explicitly confirm quantitative modeling or assessment of whether the pathway achieves climate neutrality by 2050.",,yes,,yes,,,no
10.1016/j.scitotenv.2023.166123,no,,,yes,,yes,,,yes
10.1016/j.petsci.2022.12.003,no,,,yes,,yes,,,no
10.1134/S0040601524010051,yes,,,yes,,yes,,,yes
10.1016/j.glt.2022.08.001,yes,,,yes,,yes,,,yes
10.1088/1748-9326/aca9e1,yes,,,yes,,yes,,,yes
10.1016/j.jenvman.2025.127347,yes,,,yes,,yes,,,yes
10.11654/jaes.2022-0477,no,,,yes,,yes,,,yes
10.17521/cjpe.2023.0139,no,"While the abstract assesses and models carbon balance toward a carbon neutrality goal, it does not describe an actual climate-neutral pathway or configuration. The 2016-2020 sink-to-emission ratio is only 54%, showing emissions are not neutralized.",,yes,,yes,,,yes
10.1016/j.biortech.2023.128718,no,,,yes,,yes,,,yes
10.1080/17538947.2025.2544964,no,,,yes,,yes,,,yes
10.3389/fenvs.2022.847719,no,,,yes,,yes,,,yes
10.1109/IYCE60333.2024.10634934,no,,,yes,,yes,,,yes
10.26599/PBM.2023.9260027,yes,,,yes,,yes,,,yes
10.1177/21582440231184044,no,,,yes,,yes,,"The study uses quantitative modeling (ARDL technique) but investigates relationships between energy consumption and environmental impacts, not specifically to generate or model climate-neutral pathways or systems.",no
10.2139/ssrn.3817276,yes,,,yes,,yes,,,yes
10.1016/j.enbuild.2014.02.049,no,,,yes,,yes,,,yes
10.48084/etasr.11816,yes,,,yes,,yes,,,yes
nan,yes,"The abstract mentions the EU's 2050 net-zero goal as context, but does not present a climate-neutral pathway or system. The study assesses biomass potential and bioenergy capacity without demonstrating that the assessed system achieves climate neutrality.",,yes,,yes,,,yes
10.1007/978-3-031-16470-5_13,yes,,,yes,,yes,,,yes
10.1016/j.egyr.2024.09.066,no,,,yes,,yes,,,yes
10.3864/j.issn.0578-1752.2025.18.010,no,,,yes,,yes,,,yes
10.1080/14693062.2017.1340257,unclear,"The abstract discusses the 'Mid-Century Strategy for Deep Decarbonization' with targets in 2050, but does not explicitly confirm that these targets achieve climate neutrality or net zero emissions.",,yes,,yes,,,yes
10.3390/pr14020347,unclear,"Abstract discusses a pathway modeling China's dual carbon goals with 17.5 Gt CO2 reduction, but does not explicitly state the modeled pathway achieves climate neutrality or net zero status—only that it reduces emissions.",,yes,,yes,,,yes
10.3389/fsufs.2024.1492883,no,Abstract assesses green efficiency and decoupling trends but does not provide evidence that the analyzed system configuration IS climate-neutral.,,yes,,yes,,,yes
10.1021/acs.est.3c06866,yes,,,no,,yes,,,yes
10.1177/0958305X241230622,no,,,yes,,yes,,"The abstract uses quantitative modeling (CS-ARDL) to analyze the relationship between renewable energy consumption and agricultural productivity, not to generate or assess climate-neutral pathways or systems.",no
10.1021/acsomega.4c00273,yes,,,no,,yes,,,yes
10.1016/j.jclepro.2024.140677,no,,,yes,,yes,,,yes
10.3997/2214-4609.202577045,no,,,yes,,yes,,,no
10.4324/9781003273172,yes,,,yes,,yes,,,yes
10.1109/ICEEI59426.2023.10346794,yes,,,yes,,yes,,,yes
10.1016/j.scitotenv.2022.156843,no,,,yes,,yes,,,yes
10.1016/j.techfore.2021.121255,no,,,yes,,yes,,"Quantitative methods used are for credit rating forecasting, not for generating or assessing climate-neutral pathways.",no
10.1007/978-3-031-51579-8_12,yes,,,no,,yes,,,yes
10.1109/ICUE63019.2024.10795592,no,,,yes,,yes,,,yes
10.1201/9781032686899,no,"While 'net zero targets' appear in the title, the abstract only describes topics covered in a book without assessing or modeling an actual climate-neutral pathway or system configuration.",,no,,yes,,"This is a book description listing topics, not a research paper presenting quantitative modeling or scenario processes to generate climate-neutral pathways.",no
10.1016/j.esd.2025.101674,no,,,yes,,yes,,,yes
10.1111/gcbb.12143,no,,,yes,,yes,,,yes
10.1016/j.spc.2025.09.005,no,,,yes,,yes,,,yes
10.3390/buildings13030829,no,"Title mentions 'carbon-neutral society' as aspiration, but abstract describes energy cost reduction via trading optimization, not a pathway that is actually climate-neutral.","No specific geographic region (country, city, state, province) is mentioned; work is presented generically.",no,,yes,,"Scenario-based simulations are used, but to optimize electricity costs, not to model climate-neutral pathways.",no
10.1007/978-981-97-0372-2_57,no,,,yes,,yes,,,no
10.1016/j.scitotenv.2025.180689,yes,,,yes,,yes,,,yes
10.1080/15435075.2024.2414226,no,,,yes,,yes,,,no
10.1016/j.esd.2024.101575,no,"The modeled pathway reduces emissions to 29.44 million tons in 2050, which is not climate-neutral. While the text mentions 'net zero-carbon transition,' the actual assessment shows residual emissions, not zero.",,yes,,yes,,,yes
10.1109/SIEDS55548.2022.9799349,yes,,,yes,,yes,,,yes
10.1016/j.scitotenv.2022.160035,no,,,yes,,yes,,,no
10.4271/2025-01-8787,no,,,no,,yes,,,yes
10.3787/j.issn.1000-0976.2021.06.019,no,"The paper calculates low-carbon efficiency and discusses carbon neutrality as a goal, but does not present or model an actual climate-neutral pathway or system configuration.",,yes,,yes,,,yes
10.3390/f15111943,no,"The study forecasts wood consumption and references climate goals, but does not present or model a climate-neutral pathway or system configuration.",,yes,,yes,,,yes
10.3389/fenvs.2024.1353107,no,,,yes,,yes,,,yes
10.1016/j.energy.2025.134692,yes,,,yes,,yes,,,yes
10.1016/j.agsy.2023.103772,no,The paper develops a modeling tool for simulating cattle herd dynamics but does not present or assess an actual climate-neutral pathway or system configuration.,,yes,,yes,,,yes
10.1007/978-3-031-82407-4_9,no,"While biomass is mentioned as carbon-neutral, the abstract presents only a preliminary technological analysis of Rankine cycle configurations, not an assessed or modeled complete climate-neutral pathway or system.",,no,,yes,,,yes
10.3390/land14040888,no,,,yes,,yes,,,no
10.1016/j.esr.2021.100637,yes,,,yes,,yes,,,yes
10.1109/JSTARS.2025.3595540,no,,,yes,,yes,,"Study uses quantitative modeling (VAR, K-means clustering) for emissions identification/quantification, not for generating climate-neutral pathways.",no
10.19912/j.0254-0096.tynxb.2021-0837,no,The abstract proposes a conceptual framework (Eco-PV pattern) aligned with China's neutrality targets but does not provide an actual assessed/modeled climate-neutral pathway or system configuration.,,yes,,yes,,,yes
10.1016/j.array.2025.100639,no,,,yes,,yes,,"Study includes quantitative modeling and scenario analysis, but for forecasting emissions, not for generating climate-neutral pathways. Scenarios yield only modest reductions and authors underscore need for system-level action.",no
10.1016/j.scitotenv.2024.174665,no,,,yes,,yes,,,yes
10.1016/j.rser.2025.115744,no,,,yes,,yes,,,no
10.1111/gcbb.13128,no,,,yes,,yes,,,yes
10.1088/1748-9326/ae0053,yes,,,yes,,yes,,,yes
10.1088/1748-9326/acf146,yes,,,yes,,yes,,,yes
10.1016/j.jmse.2025.03.001,yes,,,yes,,yes,,,yes
10.12302/j.issn.1000-2006.202405021,yes,,,yes,,yes,,,yes
10.1007/s11270-025-07934-y,no,,,yes,,no,,,no
10.1016/j.joule.2021.12.013,unclear,"Title promises 'net-zero-carbon' SAF and mentions 'carbon-negative crude oil,' but this is primarily author bios without describing an actual assessed pathway or modeling study.","Text mentions work 'across the US and globe,' which is global scope, not specific region.",no,Addresses energy sector (aviation fuel production from biomass feedstocks).,yes,,"Abstract is author background; no quantitative modeling, scenarios, or methodological approach is described.",no
10.1016/j.jclepro.2020.121835,no,,,yes,,yes,,,yes
10.1016/j.wasman.2008.08.031,no,,,yes,,yes,,,yes
10.3390/en15093039,no,,,yes,,yes,,,no
10.1016/j.enpol.2020.111917,yes,,,yes,,yes,,,yes
10.3389/fenvs.2022.1044928,no,"The abstract analyzes economic values of different land use scenarios and mentions carbon reduction effects, but does not establish or propose an actual climate-neutral pathway or system configuration.",,yes,,yes,,,yes
10.1016/j.eti.2025.104657,no,"Abstract discusses CO₂ emissions reduction through biochar optimization, but does not present a complete climate-neutral pathway or system configuration.",,yes,,yes,,,yes
10.1016/j.jenvman.2025.124368,no,"Abstract analyzes eco-environmental pressure and uses carbon footprints, but does not assess or model climate-neutral pathways or configurations. No mention of climate neutrality, net zero, or carbon neutrality goals.",,yes,"Abstract analyzes environmental footprints and eco-environment pressure at regional scale but does not explicitly mention any of the required sectors (energy, industry, agriculture, forestry, land use, AFOLU).",unclear,,,yes
10.1002/eej.23396,yes,,,yes,,yes,,,yes
10.1007/s10098-026-03416-9,no,,,no,,yes,,,yes
10.1007/s10765-018-2382-3,no,,,yes,,yes,,"Experiments and simulations present but focused on moisture measurement accuracy, not on generating climate-neutral pathways or systems.",no
10.1016/j.scitotenv.2023.163710,no,,,yes,,yes,,,no
10.1016/j.jclepro.2025.146196,no,"The abstract presents decarbonization pathways with reductions (38-61%), but does not achieve or assess climate neutrality/net zero emissions.",,yes,,yes,,,yes
10.1021/acs.est.4c00082,yes,,,yes,,yes,,,yes
10.1016/j.scitotenv.2023.166204,yes,,,yes,,yes,,,yes
10.1134/S1028335823070030,yes,,,yes,,yes,,,yes
10.1016/j.energy.2024.132971,no,,,yes,,yes,,"Quantitative modeling (Random Forest) is used for EPC estimation, not to generate climate-neutral pathways or systems.",no
10.1016/j.enpol.2022.112873,yes,,,yes,,yes,,,yes
10.1016/j.envsci.2011.07.011,no,,,yes,,yes,,,yes
10.1016/j.energy.2024.134069,yes,,,yes,,yes,,,yes
10.1007/s43979-023-00065-5,no,,,yes,,yes,,,no
10.1109/CIEEC60922.2024.10583848,no,,"Mentions 'a certain place' but no specific region, country, or area is identified.",unclear,,yes,,,yes
10.1007/978-981-99-8405-3_26,no,The abstract mentions carbon neutrality as a goal but does not actually assess or demonstrate that the Space Data Generator achieves climate-neutral outcomes; it describes a planning tool without modeling/quantifying the pathway to climate neutrality.,"Only generic reference to 'rural areas' globally; no specific country, city, state, province, or district is mentioned.",no,,yes,,"While the tool performs optimization (solar panel placement, crop layout) using data, the abstract does not describe quantitative modeling or scenario analysis specifically designed to generate climate-neutral pathways or systems.",no
10.1007/978-981-19-5837-3_3,unclear,"The abstract discusses analyzing carbon neutrality metrics and emission savings, but does not establish a specific pathway or system configuration that IS verified as climate-neutral.",,yes,,yes,,,yes
10.3389/fsufs.2024.1441118,no,"The abstract discusses factors that suppress agricultural emissions and makes recommendations for emission reduction, but does not present an actual climate-neutral pathway or system configuration that has been modeled or assessed.",,yes,,yes,,,yes
10.1038/s43016-023-00694-0,yes,,,yes,,yes,,,yes
10.1063/1.5034382,yes,,,yes,,yes,,,yes
10.4324/9781003384113-52,unclear,"Abstract mentions net-zero potential but does not clearly demonstrate that either model actually achieves climate neutrality. It examines energy requirements and discusses potential, but doesn't assess a climate-neutral pathway.",,no,,yes,,"Uses comparative analysis with 'energy land' concept, but does not clearly describe quantitative modeling or scenario process that generates climate-neutral pathways. Poses comparative questions rather than describing analysis results.",unclear
10.3390/ijerph192416424,no,"Abstract discusses low-carbon development pathways, not climate-neutral ones. No pathway achieving zero/net zero emissions is presented or modeled.",,yes,,yes,,,yes
10.1016/j.jenvman.2024.122080,no,The abstract analyzes and measures carbon neutrality improvements in G20 countries but does not propose or describe a specific climate-neutral pathway or system configuration.,,yes,,yes,,"Quantitative econometric methods (Malmquist index, stochastic frontier model) are used to analyze historical data, not to generate future climate-neutral pathways or scenarios.",no
10.1016/j.jenvman.2024.121827,no,,,no,,yes,,,yes
10.1051/epjpv/2025023,unclear,"Study investigates renewable energy pathways related to climate targets, but does not explicitly state that the modeled scenarios achieve climate neutrality or zero emissions. Focus is on land use trade-offs rather than confirming climate-neutral system configurations.",,yes,,yes,,,yes
10.1016/j.envpol.2022.120715,no,"Abstract analyzes impacts ON crops under a carbon-neutral scenario, but does not provide or assess a climate-neutral pathway/system configuration itself.",,yes,,yes,,,yes
10.1016/j.jclepro.2024.140952,yes,,,yes,,yes,,,yes
10.3390/rs15205036,no,,,yes,,yes,,,yes
10.1016/j.spc.2024.10.003,no,The abstract assesses current carbon neutrality levels in Chinese provinces but does not propose or model a pathway/system configuration to achieve climate neutrality.,,yes,"Energy consumption structure and ecological land area/carbon sequestration are mentioned, but sectors are not explicitly identified as assessment targets; focus appears holistic at regional level.",unclear,,"While quantitative analysis of current emissions and sequestration is present, no scenario modeling or pathway generation process is described.",no
10.1016/j.renene.2025.122780,no,,,yes,,yes,,,yes
10.1016/j.egyr.2021.08.129,no,,"UK is mentioned in context of agriculture emissions, but the specific location of the studied farm is not explicitly stated.",unclear,,yes,,,yes
10.1145/3768184.3768233,no,"Paper discusses low-carbon transition and uses ML to predict carbon neutrality factors, but does not present an assessed/modeled pathway or system configuration that IS climate-neutral.",,yes,,yes,,"Quantitative ML modeling is present, but used for predicting factors/features, not for generating or modeling climate-neutral pathways or systems.",no
10.1016/j.rser.2025.116147,no,"The system achieves 92% renewable electricity supply and 6.3% gas reduction through hydrogen blending, but does not fully achieve climate neutrality. The abstract states it 'highlights the potential' rather than demonstrating an actual climate-neutral pathway.",,yes,,yes,,,yes
10.1016/j.erss.2021.102124,no,"The abstract discusses net zero and decarbonization pathways but does not present a specific climate-neutral pathway or system configuration. Instead, it analyzes and critiques existing strategies.",,yes,,yes,,,yes
10.3168/jds.2025-26392,no,"Abstract explicitly concludes that 'achieving GHG neutrality over all US dairy farms appears improbable.' Even maximum mitigation strategies only reduce emissions by 70%, falling short of neutrality.",,yes,,yes,,,yes
10.1016/j.energy.2025.134647,no,Abstract mentions 'carbon-neutral pathways' as a goal but explicitly states further research is needed for life cycle assessment and sustainability evaluation. Climate neutrality is not actually assessed or demonstrated.,,yes,,yes,,Study uses quantitative RSM/CCD for process optimization but does not model climate neutral pathways. LCA and sustainability impact assessment are identified as needed future work.,no
10.13227/j.hjkx.202406034,no,,,yes,,yes,,,no
10.3390/en16207103,no,"Study forecasts emissions and identifies peak timelines, but concludes only the electricity sector shows potential for zero emissions by 2060 under extreme scenario. No climate-neutral pathway/system presented.",,yes,,yes,,,yes
10.1016/j.solmat.2026.114196,unclear,"The abstract uses 'carbon-neutral' to describe the device itself, but no system-level climate neutrality pathway is modeled or assessed — it's a material/device study.",,no,,yes,,,yes
10.1073/pnas.2317444121,no,,,yes,,yes,,,yes
10.1134/S0001433824700877,yes,,,yes,,yes,,,yes
10.1016/j.jclepro.2022.132594,yes,,,yes,,yes,,,yes
10.1515/9783111040066,yes,,,yes,,yes,,,no
10.1016/j.landusepol.2020.104955,yes,,,yes,,yes,,,yes
10.1016/j.resconrec.2024.108110,no,,,yes,,yes,,,yes
10.1007/s11367-025-02489-w,no,Abstract reviews LCSAs and identifies GWP reduction strategies but does not provide or validate a specific pathway/system configuration that achieves climate neutrality.,,yes,,yes,,,yes
10.1016/j.energy.2025.139810,no,,,yes,,yes,,,no
10.3389/fsufs.2025.1536850,no,,,yes,,yes,,"This is a bibliometric review analyzing existing literature trends, not quantitative modeling or scenario processes to generate climate-neutral pathways.",no
10.1016/j.rser.2024.114944,unclear,"The study models deep decarbonization (61% energy demand reduction, eliminating reliance on negative emission technologies) but never explicitly states or assesses a climate-neutral or net-zero outcome.",,yes,,yes,,,yes
10.1016/j.cesys.2025.100359,no,,,yes,,yes,,,yes
10.3390/su142214750,yes,,,yes,,yes,,,yes
10.1016/j.scs.2025.106563,yes,,,yes,,yes,,,yes
10.1007/s11027-012-9409-z,no,,,yes,,yes,,,yes
10.3969/j.issn.1674-8530.22.0121,no,,,yes,,yes,,,no
10.3390/en18071787,yes,,,yes,,yes,,,yes
10.1016/j.jup.2025.102098,yes,,,yes,,yes,,,yes
10.1093/af/vfaa035,yes,,,yes,,yes,,,yes
10.1117/12.3040011,no,,,no,,yes,,,no
10.1016/j.scitotenv.2023.166390,no,Abstract discusses potential and pathways to help achieve net zero but does not present an actual modeled climate-neutral pathway or system configuration.,,yes,,yes,,,yes
10.52202/083081-0045,no,,,yes,,yes,,,no
10.1016/j.scitotenv.2023.164116,no,"Abstract discusses CO2 emission reductions and mentions BECCS could promote carbon neutrality in the future, but does not provide an assessed pathway or system configuration that achieves climate neutrality.",,yes,,yes,,,yes
10.1016/B978-0-443-36426-6.00025-3,no,,,no,,yes,,,no
10.1007/s13762-024-06124-3,no,,,yes,,yes,,,yes
10.1109/ICPET59380.2023.10367584,no,,,yes,,yes,,,yes
10.3390/atmos16101173,no,,,yes,,yes,,,no
10.1186/s13021-024-00285-x,no,,,yes,,yes,,,yes
10.3992/jgb.10.3.28,unclear,"Net-Zero Energy is mentioned as a target and modeling was initiated, but the abstract does not confirm the pathway/system was actually achieved or assessed.",,yes,,yes,,"Energy and daylight models are mentioned, but this appears to be performance modeling for a single building rather than quantitative modeling of broader climate-neutral pathways.",unclear
10.1080/00049158.2026.2631777,no,"The abstract discusses the need for achieving net-zero emissions and identifies reforms needed, but does not present an actual climate-neutral pathway or system configuration.",,yes,,yes,,"This is a qualitative keynote address that examines policy and institutional reforms, but contains no quantitative modelling or scenario process.",no
10.3389/fenvs.2022.972563,no,,,yes,,yes,,,yes
10.1016/j.scitotenv.2022.154909,yes,,,yes,,yes,,,yes
10.19741/j.issn.1673-4831.2024.0726,no,Abstract identifies a carbon neutralization implementation route but does not model or assess whether this pathway actually achieves climate neutrality.,,yes,,yes,,"STIRPAT modeling is used to analyze current carbon emission characteristics, not to generate or scenario-test climate neutral pathways.",no
10.1016/j.eiar.2025.107890,no,"The abstract discusses emission reductions and carbon offset standards, but does not present a pathway or system configuration that IS climate-neutral.",,yes,,yes,,,yes
10.1016/j.seta.2024.103954,yes,,,yes,,yes,,,yes
10.1007/978-3-030-78566-6_5,no,"Abstract discusses climate neutrality as a goal and mentions forest industry models addressing it, but does not present an assessed pathway or system configuration that achieves climate neutrality.",,yes,,yes,,"This is a literature survey presenting proposed strategies and policies, but contains no quantitative modeling or scenario analysis to generate climate-neutral pathways.",no
10.12133/j.smartag.SA202304008,no,,,yes,,yes,,,no
10.2478/amns-2024-2916,no,,,no,,yes,,,yes
10.1126/sciadv.adx7823,no,,,yes,,yes,,"Quantitative modeling is present, but used to evaluate current carbon dynamics, not to generate climate-neutral pathways or systems.",no
10.3390/land12112000,no,"Abstract discusses carbon neutrality goals and proposes measures needed to achieve them by 2060, but does not present a confirmed pathway that IS climate-neutral; it concludes measures are 'still needed', implying the current/modeled scenario does not achieve neutrality.",,yes,,yes,,,yes
10.1016/j.ijhydene.2023.07.196,yes,,,yes,,yes,,,yes
10.1111/gcbb.12276,no,"The abstract discusses whether biomass is carbon-neutral but does not establish a climate-neutral pathway. It compares biomass to fossil fuels and notes biomass is 'preferred' under certain discount rates, but this does not mean the system IS climate-neutral.",,yes,,yes,,,yes
10.1016/j.jenvman.2025.126416,yes,,,yes,,yes,,,yes
10.1016/j.egyr.2025.07.038,no,,,yes,,yes,,Review article discussing advancements and future research needs; no quantitative modeling or scenario process reported.,no
10.1016/j.egycc.2025.100209,yes,,,yes,,yes,,,yes
10.1016/j.resconrec.2025.108350,no,Abstract discusses wind power's mitigation potential (938–995 Mt CO2 reduction by 2060) but does not establish a pathway or system configuration that IS climate-neutral.,,yes,,yes,,,yes
10.1016/j.buildenv.2024.112501,yes,,,yes,,yes,,,yes
10.1016/j.inpa.2022.10.004,no,,,yes,,yes,,,no
10.3390/en18061532,unclear,"The high-limit scenario achieves an early carbon peak but carbon neutrality by 2060 is implied as a goal, not explicitly demonstrated as achieved in the results.",,yes,,yes,,,yes
10.1016/j.jobe.2025.114641,unclear,"A zero-energy building is described and monitored for 22 months, but the abstract's primary focus is energy forecasting models rather than assessing/proposing a climate-neutral pathway or configuration.",,yes,,yes,,,yes
10.1002/bbb.2366,yes,,,yes,,yes,,,yes
10.1016/j.scitotenv.2024.174874,no,,,yes,,yes,,,yes
10.52202/065147-0240,no,,,yes,,yes,,,no
10.14042/j.cnki.32.1309.2026.01.007,no,,,yes,,yes,,,yes
10.1111/gcbb.70017,no,,,yes,,yes,,,yes
10.1016/j.energy.2023.128643,unclear,"The study models pathways toward reducing emissions and mentions 'climate neutrality' as a goal, but the most favourable scenario still results in net positive cumulative emissions (1725.93 MtCO2eq), so no actually climate-neutral pathway is demonstrated.",,yes,,yes,,,yes
10.3390/eng7020073,no,The framework predicts carbon performance but does not provide a pathway or system configuration that achieves climate neutrality.,,yes,,yes,,,yes
10.1016/j.enconman.2025.120339,no,Abstract addresses low-carbon energy transition but does not establish that the pathway is climate-neutral or net zero. Low-carbon is distinct from climate-neutral.,,yes,,yes,,,yes
10.3368/le.91.2.197,no,,,yes,,yes,,,yes
10.1016/j.agsy.2024.103852,yes,,,yes,,yes,,,yes
10.12357/cjea.20220267,no,"Abstract discusses emission reduction scenarios but shows only percentage decreases (10.89-12.89% by 2025), not achievement of climate neutrality or net-zero emissions",,yes,,yes,,,yes
10.16085/j.issn.1000-6613.2021-0179,no,,,yes,,yes,,Abstract discusses strategic directions and pathways qualitatively but provides no quantitative modeling or scenario analysis.,no
10.1016/j.jclepro.2018.10.102,no,"The abstract describes a carbon accounting methodology to assess emissions and support decision-making toward carbon neutrality, but does not present an actual climate-neutral pathway or system configuration that has been assessed or modeled.",,yes,,yes,,,yes
10.1007/s13762-025-06418-0,no,,,yes,,yes,,,yes
10.3390/en16217459,yes,,,yes,,yes,,,yes
10.1016/j.seta.2025.104652,no,The abstract assesses green hydrogen production potential from surplus renewable energy but does not present or model a complete climate-neutral pathway or system configuration.,,yes,,yes,,,yes
10.1016/j.foreco.2012.02.037,yes,,,yes,,yes,,,yes
10.1080/01944360802380431,no,,,yes,,yes,,,yes
10.1016/j.landusepol.2021.105861,no,The abstract analyzes barriers to climate-smart adoption but does not present an actual climate-neutral pathway or system configuration.,,yes,,yes,,,yes
10.1016/j.biombioe.2025.108334,no,,,yes,,yes,,,yes
10.3390/land12061266,no,,,yes,,yes,,,yes
10.13031/aim.202100876,yes,,,yes,,yes,,,yes
10.1021/acs.est.5c12746,no,,,yes,,yes,,,no
10.1016/j.apenergy.2021.117263,yes,,,yes,,yes,,,yes
10.5593/sgem2025/5.1/s20.073,no,,,yes,,yes,,,no
10.13225/j.cnki.jccs.2024.0844,no,,,yes,,yes,,,yes
10.1016/j.biombioe.2025.108267,no,,,yes,,yes,,,yes
10.15961/j.jsuese.202100627,yes,,,yes,,yes,,,yes
10.1016/j.apenergy.2019.01.214,no,"Study assesses biofuel potential of sweet sorghum but does not model or assess a complete pathway/system that IS climate-neutral. Only mentions that biofuel 'will play an important role' in carbon-neutral fuel supply (aspirational, not modeled).",,yes,,yes,,,yes
10.2118/221630-MS,yes,,,yes,,yes,,,yes
10.1109/ISBDAS64762.2025.11117018,no,,,yes,,yes,,,no
10.1016/j.enpol.2023.113470,no,,,yes,,yes,,,yes
10.13336/j.1003-6520.hve.20220852,unclear,"The model aims to 'promote' regional carbon neutrality goals and 'reduce net carbon emissions', but does not demonstrate an actually achieved carbon-neutral pathway or configuration.",,yes,,yes,,,yes
10.1016/j.energy.2024.131363,no,,,yes,,yes,,,yes
10.1007/978-3-032-00361-4_32,yes,,"NCNU is a specific institution mentioned, but its geographic location is not explicitly stated in the abstract.",unclear,,yes,,,no
10.1016/j.scitotenv.2025.178894,no,,,yes,"Forest cover is mentioned as a predictor, but the abstract analyzes aggregate CO2 emissions without explicitly targeting specific sectors like energy, industry, or agriculture.",unclear,,,no
10.1093/nsr/nwac057,no,,,yes,,yes,,,yes
10.1016/j.resglo.2024.100226,no,,,yes,,yes,,,no
10.1111/gcbb.12666,yes,,"Abstract focuses on global analysis; mentions 'few world regions' in context but targets global system, not specific spatial areas.",no,,yes,,,yes
10.1109/ICSES63445.2024.10762990,no,,,no,,yes,,,no
10.1109/ICAICTA63815.2024.10763079,no,"Abstract is a review of prediction models and quantum-based enhancements to forecast carbon neutrality, not a description of an actual climate-neutral pathway or system configuration.",References 'cities worldwide' but provides no specific geographic targeting; this is a global/methodological review.,no,,yes,,"This is a review paper ('provides a review of pipeline processes'); it does not present original quantitative modeling or scenarios, only discusses existing methods.",no
10.1016/j.esd.2025.101855,no,,,yes,,yes,,,no
10.1016/j.scitotenv.2024.176690,no,,,yes,,yes,,"Quantitative methods (LCA, ReCiPe, EF) are used to assess tree environmental performance, not to generate climate-neutral pathways.",no
10.1016/j.jenvman.2025.127436,no,,,yes,,yes,,,yes
10.1016/j.agwat.2025.110020,no,,,yes,,yes,,,yes
10.1007/s13593-023-00938-0,no,,,yes,,yes,,,no
10.1016/j.seta.2024.103665,no,Title mentions 'net-zero energy' but abstract describes a load scheduling framework without demonstrating that the proposed system configuration actually achieves climate neutrality through modeling.,No specific spatial area mentioned; only generic references to 'smart cities' and 'residential settings'.,no,,yes,,,yes
10.1117/12.3073625,yes,,,yes,,yes,,,yes
10.13227/j.hjkx.202408170,no,,,yes,,yes,,,no
10.3390/en18143724,yes,,,yes,,yes,,,yes
10.12153/j.issn.1674-991X.20230102,no,,,yes,,yes,,,no
10.1016/j.jenvman.2024.122463,no,,,yes,,yes,,,yes
10.16058/j.issn.1005-0930.2022.06.001,yes,,,yes,,yes,,,yes
10.1016/j.ecolind.2023.110986,no,,,yes,,yes,,,yes
10.3390/f13050759,no,,,yes,,yes,,,yes
10.13227/j.hjkx.202403231,no,"Abstract mentions carbon neutrality as a goal but does not provide a pathway or system configuration that IS climate-neutral. The study assesses carbon budgets and proposes optimization strategies, but does not model a climate-neutral pathway.",,yes,,yes,,"Quantitative modeling is present (carbon balance model, compensation model), but these are used for assessment and zoning, not to generate climate-neutral pathways or scenarios.",no
10.3390/buildings15071096,no,,,yes,,yes,,,yes
10.1016/j.resconrec.2024.107718,no,,,yes,,yes,,,no
10.1016/j.jenvman.2023.119999,yes,,,yes,,yes,,,yes
10.3390/en14154404,yes,,,no,,yes,,,yes
10.1007/s11367-023-02190-w,no,,,no,,yes,,,no
10.1016/j.cscee.2025.101315,yes,,,yes,,yes,,,yes
10.16085/j.issn.1000-6613.2022-2293,no,The abstract reviews existing waste utilization technologies but does not present a specific pathway or system configuration that is assessed/modeled to be climate-neutral.,,yes,,yes,,This is a review paper analyzing technology routes and challenges; no quantitative modeling or scenario process is described.,no
10.1016/j.apenergy.2024.124686,no,,,yes,,yes,,,yes
10.3390/en17184680,no,,,yes,,yes,,,no
10.17645/up.v3i2.1250,yes,,,yes,,yes,,,yes
10.1016/j.rset.2023.100065,no,,,yes,,yes,,,yes
10.1016/j.scitotenv.2023.161490,no,The paper analyzes factors influencing carbon emissions and economic growth but does not present a concrete climate-neutral pathway or system configuration—it examines relationships between variables rather than proposing an actual neutral scenario.,,yes,"Renewable energy is mentioned in recommendations, but the paper's primary focus is macroeconomic relationships (GDP, emissions, trade) rather than specific sector analysis.",unclear,,,yes
10.1016/j.egycc.2021.100050,yes,,,yes,,yes,,Abstract discusses net-zero pathways and scenarios but does not explicitly describe the quantitative modeling or scenario methods used to generate them.,unclear
10.4271/2024-37-0018,no,,,no,,yes,,,yes
10.1002/adsu.202501637,yes,,,yes,,yes,,,yes
10.3390/su152316317,no,,,yes,,yes,,,no
10.1007/s11027-024-10164-y,yes,,,yes,,yes,,,yes
10.3390/su13168836,no,,,yes,,yes,,"Abstract mentions 'tools for effective energy decarbonisation modelling' and 'detailed urban-energy models' as part of the methodology, but doesn't clearly describe actual quantitative modeling or scenario results being performed in the study itself.",unclear
10.2478/eces-2023-0042,no,The study analyzes decarbonization potential and ranks sub-sectors but does not assess or model a pathway that achieves climate neutrality itself.,,yes,,yes,,"Factor analysis and fuzzy evaluation are used to rank industries by advantages/sustainability, but not to generate or model climate-neutral pathways or scenarios.",no
10.11654/jaes.2021-0647,no,"Abstract discusses carbon neutral goals and predicts emission reductions, but does not describe a specific pathway or system configuration that achieves climate neutrality.",,yes,,yes,,"Quantitative methods (emission factor method, STIRPAT model) are used for prediction only, not to generate or model pathways toward climate neutrality.",no
10.1016/j.eiar.2024.107431,no,,,yes,,yes,,,no
10.15244/pjoes/190782,yes,,,yes,,yes,,,yes
10.3390/urbansci9090374,no,"Abstract discusses reductions (15% from smart grids, 12% from renewable energy) and factors needed for 'high level of de-carbonization,' but does not model or present an actual climate-neutral pathway that achieves net-zero emissions.",,yes,,yes,,,yes
10.1109/TSTE.2022.3223684,no,,,yes,,yes,,,yes
10.1088/1748-9326/ab87d1,yes,,,yes,,yes,,,yes
10.1016/j.spc.2024.08.006,yes,,,no,,yes,,,yes
10.1016/j.techsoc.2025.103094,no,,,yes,,yes,,,no
10.1007/s10098-023-02656-3,unclear,"Title claims 'net-zero energy greenhouse' but the abstract only reports partial load coverage (43% thermal, 20% electrical) without demonstrating full net-zero achievement.",,yes,,yes,,,yes
10.3390/en18174674,no,,,yes,,yes,,,yes
10.1016/j.resconrec.2023.107179,no,,,yes,,yes,,,no
10.24264/icams-2020.IV.12,no,"Abstract discusses energy recovery from waste and reducing carbon footprint, but does not model or assess whether the system actually achieves climate neutrality or net-zero emissions.",,yes,,yes,,,yes
10.1016/j.jclepro.2022.134862,no,,,yes,,yes,,,yes
10.1016/j.ijggc.2022.103684,no,"The abstract assesses BECCS as a strategy toward Sweden's net-zero goal, but does not present a complete climate-neutral pathway or system configuration—only the potential of one technology component (CO2 capture in CHP plants).",,yes,,yes,,,yes
10.3390/buildings15142462,no,,,yes,,yes,,"The abstract includes quantitative modeling (GEP, Random Forest optimization) but for predicting emissions, not for modeling or generating climate-neutral pathways or scenarios.",no
10.1016/j.rser.2018.07.043,yes,,,yes,,yes,,,yes
10.1016/j.esr.2024.101537,yes,,,yes,,yes,,,yes
10.1016/j.jenvman.2023.118304,no,"The abstract mentions climate neutrality aims but documents carbon sequestration enhancement (3-10% increases), not a pathway or configuration that achieves climate neutrality.",,yes,,yes,,,yes
10.1016/j.agwat.2025.109756,no,,,yes,,yes,,,yes
10.3390/ijerph19105793,no,,,yes,,yes,,,yes
10.1016/j.resconrec.2025.108346,no,,,yes,,no,,,yes
10.1007/978-981-95-1595-0_101,no,,,yes,,yes,,,yes
10.1016/j.ese.2025.100571,yes,,,yes,,yes,,,yes
10.1007/s11625-023-01388-z,yes,,,yes,,yes,,,yes
10.1038/s41598-025-21651-w,no,,,yes,,yes,,,yes
10.1088/1748-9326/acf58f,no,,,yes,,yes,,,no
10.1007/s40974-024-00324-w,yes,,,yes,,yes,,,yes
10.1016/j.envint.2024.109124,yes,,,yes,,yes,,,yes
10.1016/j.scs.2025.106555,no,"Study finds that carbon neutrality goal cannot be achieved by 2060; only SSP126 achieves approximate carbon balance, not full neutrality.",,yes,,yes,,,yes
10.1016/j.earscirev.2025.105309,no,"The abstract describes a carbon removal technology (ERW), not a complete climate-neutral pathway or system configuration. It quantifies potential CO₂ sequestration but does not assess whether this achieves climate neutrality.",,yes,,yes,,,yes
10.13198/j.issn.1001-6929.2021.06.18,yes,,,yes,,yes,,,yes
10.1016/j.agwat.2026.110205,no,,,yes,,yes,,,yes
10.31497/zrzyxb.20221201,no,Paper reviews pathways and proposes strategic plans but does not present or assess a specific climate-neutral pathway or system configuration.,,yes,,yes,,Abstract discusses strategic research and simulation approaches but does not describe actual quantitative modeling or scenario analysis for generating climate-neutral pathways.,no
10.1109/IISA50023.2020.9284345,no,"NZEB (Net-Zero Energy Buildings) is mentioned as a future research goal, not as an assessed/modeled pathway that IS climate-neutral in this work.",,yes,,yes,,"Simulation and experimental results are mentioned for case studies, but not explicitly for quantitative modeling to generate climate-neutral pathways.",no
10.1016/j.scs.2025.106367,yes,,,yes,,yes,,,yes
10.28946/SLREV.VOL6.ISS1.1510.PP1-23,no,"The paper reviews biosequestration's role in Australia's net-zero strategy and identifies regulatory limitations, but does not present an actual assessed/modeled climate-neutral pathway or system configuration.",,yes,,yes,,"The paper is a regulatory and literature review analyzing existing frameworks and their effectiveness, not a quantitative modeling or scenario study generating climate neutral pathways.",no
10.3390/en15155401,yes,,,yes,,yes,,,yes
10.1016/j.eiar.2025.108143,no,,,yes,,yes,,,no
10.3390/su151411306,yes,,,yes,,yes,,,yes
10.1038/s41893-025-01576-y,yes,,,yes,,yes,,,yes
10.1088/2631-8695/ae25b8,no,,,no,,yes,,,yes
10.1016/j.renene.2021.12.024,yes,,,yes,,yes,,,yes
10.1016/j.enconman.2021.115081,yes,,,yes,,yes,,,yes
10.1016/j.jclepro.2022.134483,yes,,,yes,,yes,,,yes
10.3775/jie.89.42,no,"While biomass resources are mentioned as having carbon-neutral emissions potential, the system studied is co-firing biomass with coal at existing coal power stations, which is not climate-neutral overall.",,yes,,yes,,,yes
10.1007/978-3-031-70322-5,no,,,no,,yes,,,no
10.1109/INDISCON66021.2025.11253552,no,,,no,,yes,,,no
10.3390/ijerph19159677,no,,,yes,,yes,,,no
10.3390/f16091391,no,,,yes,,yes,,,no
10.1088/1748-9326/ad78ea,yes,,,yes,,yes,,"The paper is framed as a 'visionary strategy' with stated targets (4 Gt, 25% landmass, 100,000 residents), but it is unclear whether these derive from quantitative modelling or are aspirational design parameters.",unclear
10.1016/j.scs.2023.104758,yes,,,yes,,yes,,,yes
10.11867/j.issn.1001-8166.2023.039,no,This is a review of research themes and methodologies in geography related to carbon peaking/neutrality. It does not present an assessed or modeled climate-neutral pathway or system configuration.,,yes,,yes,,"The abstract describes quantitative methods (emission accounting, input-output models, remote sensing) used in the field, but it is unclear whether this review paper itself performs quantitative modeling or scenario analysis, as it appears to be primarily a literature review.",unclear
10.1021/acs.est.3c04618,yes,,,yes,,yes,,,yes
10.1021/acs.est.2c02884,no,"The abstract mentions achieving carbon neutrality in 2060 as context, but the study analyzes environmental/resource impacts of a carbon peak policy, not providing a climate-neutral pathway or system configuration itself.",,yes,,yes,,,yes
10.1007/978-981-97-5666-7_17,no,,,yes,,yes,,,no
10.1162/asep_a_00869,yes,,,yes,,yes,,,yes
10.3390/f15050816,no,,,yes,,yes,,,yes
10.3390/su16135475,no,,,yes,,yes,,"The study uses quantitative modeling (RF-MLP-LR) for predicting cement consumption, but not to generate climate-neutral pathways or scenarios.",no
10.1007/s11356-025-36903-5,no,"The abstract analyzes current carbon emissions and identifies drivers, but does not provide or model an actual climate-neutral pathway or system configuration.",,yes,,yes,,"While quantitative methods (correlation analysis, detector model, etc.) are used, they analyze the current carbon balance rather than model or generate climate-neutral pathways or scenarios.",no
10.1016/j.esr.2020.100525,yes,,,yes,,yes,,,yes
10.1109/ICEAAI64185.2025.10957062,no,,,yes,,yes,,,no
10.13227/j.hjkx.202401161,no,,,yes,,yes,,,yes
10.1016/j.ijggc.2024.104164,yes,,,yes,,yes,,,yes
10.1016/j.crsus.2024.100122,no,,,yes,,yes,,,yes
10.3390/pr12081758,yes,,,yes,,yes,,,yes
10.5558/tfc2014-125,no,"The abstract investigates and questions carbon neutrality assumptions rather than confirming a climate-neutral pathway. Results show net C storage only under certain assumptions, with net C emissions under others.",,yes,,yes,,,yes
10.1057/s41599-025-05545-w,yes,,,yes,,yes,,,yes
10.1109/ATIGB66719.2025.11142167,no,,,yes,,yes,,,no
10.1016/j.enconman.2025.120055,yes,,,no,,yes,,,yes
10.1016/j.resenv.2025.100253,no,,,yes,,yes,,,yes
10.1080/1331677X.2023.2180412,no,,,yes,,yes,,,no
10.56398/ajacieda.00371,no,,,yes,,yes,,,no
10.1002/bbb.1407,no,,,no,,yes,,This is a synthesis comparing existing modeling frameworks rather than presenting new quantitative modeling or scenario development by the authors.,unclear
